{
  "timestamp": "2025-08-08T22:19:44.772415",
  "sensor_info": {
    "name": "OV9281",
    "manufacturer": "OmniVision",
    "model": "OV9281",
    "sensor_width_mm": 3.84,
    "sensor_height_mm": 2.4,
    "diagonal_mm": 4.52,
    "pixel_width_um": 3.0,
    "pixel_height_um": 3.0,
    "resolution_width": 1280,
    "resolution_height": 800,
    "quantum_efficiency": 0.75,
    "full_well_capacity": 8000,
    "read_noise_e": 3.0,
    "dark_current_e_per_s": 0.05,
    "bit_depth": 10,
    "bayer_pattern": null,
    "is_color": false,
    "sensor_type": "CMOS",
    "back_illuminated": false
  },
  "camera_intrinsics": {
    "0": {
      "camera_matrix": [
        [
          682.5240493775391,
          0.0,
          734.899567018755
        ],
        [
          0.0,
          666.3096507085511,
          397.3335067691069
        ],
        [
          0.0,
          0.0,
          1.0
        ]
      ],
      "dist_coeffs": [
        [
          -0.03336539401999133,
          0.14908946652066657,
          0.005361953759904461,
          0.010056621315517808,
          -0.15337700945125435
        ]
      ],
      "image_size": [
        1280,
        800
      ],
      "calibration_error": 0.10358406600594985,
      "focal_length_mm": 2.023250550129135,
      "fov_degrees": [
        87.00020617148623,
        61.34478237172124
      ],
      "plate_scale_arcsec_per_pixel": 305.84200259355174
    },
    "1": {
      "camera_matrix": [
        [
          588.3555825649491,
          0.0,
          685.3019123190776
        ],
        [
          0.0,
          579.6607536179598,
          325.4609843984531
        ],
        [
          0.0,
          0.0,
          1.0
        ]
      ],
      "dist_coeffs": [
        [
          0.04846557084097672,
          -0.24575987321192827,
          0.008964478288309253,
          -0.0002320695711764623,
          0.3157712716072066
        ]
      ],
      "image_size": [
        1280,
        800
      ],
      "calibration_error": 0.07497572161955264,
      "focal_length_mm": 1.7520245042743634,
      "fov_degrees": [
        95.23829957869444,
        68.81619729382668
      ],
      "plate_scale_arcsec_per_pixel": 353.18855329382876
    },
    "2": {
      "camera_matrix": [
        [
          804.5579357419698,
          0.0,
          610.787067563781
        ],
        [
          0.0,
          789.7862296249784,
          403.98979245903195
        ],
        [
          0.0,
          0.0,
          1.0
        ]
      ],
      "dist_coeffs": [
        [
          -0.3421107877061485,
          2.935279362917934,
          0.026647476386064618,
          -0.007721261530036871,
          -9.170448175105824
        ]
      ],
      "image_size": [
        1280,
        800
      ],
      "calibration_error": 0.14049042451601376,
      "focal_length_mm": 2.391516248050422,
      "fov_degrees": [
        77.51763792083882,
        53.292589472748524
      ],
      "plate_scale_arcsec_per_pixel": 258.74588997856284
    },
    "3": {
      "camera_matrix": [
        [
          1099.713044276106,
          0.0,
          635.7502183101805
        ],
        [
          0.0,
          993.3172434093607,
          403.80031686578747
        ],
        [
          0.0,
          0.0,
          1.0
        ]
      ],
      "dist_coeffs": [
        [
          0.0952240359954641,
          -0.29618282259154366,
          0.06711954523756787,
          0.09194509517227868,
          -2.2000104848915245
        ]
      ],
      "image_size": [
        1280,
        800
      ],
      "calibration_error": 0.09070979816565876,
      "focal_length_mm": 3.1395454315282,
      "fov_degrees": [
        62.89603385507495,
        41.83580580334611
      ],
      "plate_scale_arcsec_per_pixel": 197.09700448539022
    }
  },
  "stereo_pairs": {
    "0_1": {
      "rotation_matrix": [
        [
          0.9991634262489462,
          0.009014850938959783,
          -0.03988959900794989
        ],
        [
          -0.009555110757101692,
          0.9998649086670909,
          -0.01337401490090377
        ],
        [
          0.039763645518063606,
          0.013743976087668827,
          0.9991145858290806
        ]
      ],
      "translation_vector": [
        [
          -0.09202727220947625
        ],
        [
          -0.044257636951700596
        ],
        [
          -0.044022963215968824
        ]
      ],
      "baseline_distance_mm": 4.448060889723542,
      "convergence_angle_deg": 2.411253738000507,
      "stereo_error_pixels": 0.10003486335492431
    },
    "0_2": {
      "rotation_matrix": [
        [
          0.9990005944614255,
          0.01422024304861475,
          0.0423744846972421
        ],
        [
          -0.013855306437166518,
          0.999864459141485,
          -0.008893471157977416
        ],
        [
          -0.0424952085446194,
          0.00829747150304766,
          0.9990622148882448
        ]
      ],
      "translation_vector": [
        [
          -0.04019148106094855
        ],
        [
          0.005051250702866789
        ],
        [
          0.07132449452970462
        ]
      ],
      "baseline_distance_mm": 3.2809885835714,
      "convergence_angle_deg": 2.4815512134763718,
      "stereo_error_pixels": 0.12703510768014242
    },
    "0_3": {
      "rotation_matrix": [
        [
          0.957039075700353,
          -0.03179369622193933,
          -0.2882106321133227
        ],
        [
          0.07319618136256387,
          0.9882694067452179,
          0.13403693045349024
        ],
        [
          0.2805682209669382,
          -0.14937449772970673,
          0.9481396167292269
        ]
      ],
      "translation_vector": [
        [
          0.01599079249921093
        ],
        [
          0.02343236631816996
        ],
        [
          0.25341209553281846
        ]
      ],
      "baseline_distance_mm": 10.199801676374383,
      "convergence_angle_deg": 18.53320312157191,
      "stereo_error_pixels": 0.09902215519423692
    },
    "1_2": {
      "rotation_matrix": [
        [
          0.9966025384607189,
          0.004012797634253955,
          0.08226346569892284
        ],
        [
          -0.004413259784310135,
          0.999979278363607,
          0.0046867879700171
        ],
        [
          -0.08224295393361988,
          -0.005033914833033234,
          0.9965995967437105
        ]
      ],
      "translation_vector": [
        [
          0.05533149106161334
        ],
        [
          0.04897044487821934
        ],
        [
          0.10745955558566085
        ]
      ],
      "baseline_distance_mm": 5.216471521837703,
      "convergence_angle_deg": 4.726351133632693,
      "stereo_error_pixels": 0.11994169998913165
    },
    "1_3": {
      "rotation_matrix": [
        [
          0.967911569077384,
          -0.03663405178399713,
          -0.24860639713419283
        ],
        [
          0.07651385061643687,
          0.9853057794420739,
          0.15270282139467137
        ],
        [
          0.23935919683605675,
          -0.1668246601912761,
          0.9564918753664681
        ]
      ],
      "translation_vector": [
        [
          0.09185400286420138
        ],
        [
          0.08003013831515915
        ],
        [
          0.3103675400817112
        ]
      ],
      "baseline_distance_mm": 13.336865647807528,
      "convergence_angle_deg": 16.963291940274434,
      "stereo_error_pixels": 0.09029871049351575
    },
    "2_3": {
      "rotation_matrix": [
        [
          0.9430502522636548,
          -0.04288029847532152,
          -0.32987497890583384
        ],
        [
          0.09325177887817976,
          0.9859732124446591,
          0.13842301137316065
        ],
        [
          0.31931227261336514,
          -0.16130128438492497,
          0.9338209508327929
        ]
      ],